feature,p_value
age,0.09351621527090198
trestbps,0.001820381228129961
chol,1.4946189366063167e-06
thalch,0.0038705143628229707
oldpeak,8.685412850179554e-05
